<?xml version="1.0" encoding="UTF-8"?>
<mxfile host="app.diagrams.net" modified="2023-11-03T18:39:11.569Z" agent="Mozilla/5.0 (Windows NT 10.0; Win64; x64) AppleWebKit/537.36 (KHTML, like Gecko) Chrome/119.0.0.0 Safari/537.36" etag="GybXiMNU-FgERQo6QPjk" version="22.0.8" type="device">
  <diagram name="Halaman-1" id="cFsDmH4QCOIbx7UIy0rS">
    <mxGraphModel dx="3427" dy="1070" grid="1" gridSize="10" guides="1" tooltips="1" connect="1" arrows="1" fold="1" page="1" pageScale="1" pageWidth="2339" pageHeight="3300" math="0" shadow="0">
      <root>
        <mxCell id="0" />
        <mxCell id="1" parent="0" />
        <mxCell id="jegIJXARO694GNso07ej-1" value="Start" style="ellipse;whiteSpace=wrap;html=1;" parent="1" vertex="1">
          <mxGeometry x="-620" y="130" width="110" height="60" as="geometry" />
        </mxCell>
        <mxCell id="Er9UBE1BzvScEgsQBhSV-32" value="" style="edgeStyle=orthogonalEdgeStyle;rounded=0;orthogonalLoop=1;jettySize=auto;html=1;" edge="1" parent="1" source="jegIJXARO694GNso07ej-2" target="jegIJXARO694GNso07ej-196">
          <mxGeometry relative="1" as="geometry" />
        </mxCell>
        <mxCell id="jegIJXARO694GNso07ej-2" value="Tampilan &lt;br&gt;Role Login" style="shape=parallelogram;perimeter=parallelogramPerimeter;whiteSpace=wrap;html=1;fixedSize=1;" parent="1" vertex="1">
          <mxGeometry x="-627.5" y="250" width="125" height="60" as="geometry" />
        </mxCell>
        <mxCell id="jegIJXARO694GNso07ej-3" value="" style="endArrow=classic;html=1;rounded=0;exitX=0.5;exitY=1;exitDx=0;exitDy=0;entryX=0.5;entryY=0;entryDx=0;entryDy=0;" parent="1" source="jegIJXARO694GNso07ej-1" target="jegIJXARO694GNso07ej-2" edge="1">
          <mxGeometry width="50" height="50" relative="1" as="geometry">
            <mxPoint x="-350" y="300" as="sourcePoint" />
            <mxPoint x="-300" y="250" as="targetPoint" />
          </mxGeometry>
        </mxCell>
        <mxCell id="jegIJXARO694GNso07ej-4" value="Login:&lt;br&gt;Owner&lt;br&gt;Admin" style="shape=parallelogram;perimeter=parallelogramPerimeter;whiteSpace=wrap;html=1;fixedSize=1;" parent="1" vertex="1">
          <mxGeometry x="-635" y="370" width="140" height="60" as="geometry" />
        </mxCell>
        <mxCell id="jegIJXARO694GNso07ej-14" value="" style="endArrow=classic;html=1;rounded=0;exitX=0.5;exitY=1;exitDx=0;exitDy=0;entryX=0.5;entryY=0;entryDx=0;entryDy=0;" parent="1" source="jegIJXARO694GNso07ej-2" target="jegIJXARO694GNso07ej-4" edge="1">
          <mxGeometry width="50" height="50" relative="1" as="geometry">
            <mxPoint x="-350" y="380" as="sourcePoint" />
            <mxPoint x="-300" y="330" as="targetPoint" />
          </mxGeometry>
        </mxCell>
        <mxCell id="jegIJXARO694GNso07ej-15" value="" style="endArrow=none;html=1;rounded=0;exitX=0.5;exitY=1;exitDx=0;exitDy=0;" parent="1" source="jegIJXARO694GNso07ej-4" edge="1">
          <mxGeometry width="50" height="50" relative="1" as="geometry">
            <mxPoint x="-550" y="500" as="sourcePoint" />
            <mxPoint x="-565" y="480" as="targetPoint" />
          </mxGeometry>
        </mxCell>
        <mxCell id="jegIJXARO694GNso07ej-16" value="" style="endArrow=none;html=1;rounded=0;" parent="1" edge="1">
          <mxGeometry width="50" height="50" relative="1" as="geometry">
            <mxPoint x="-660" y="480" as="sourcePoint" />
            <mxPoint x="-480" y="480" as="targetPoint" />
          </mxGeometry>
        </mxCell>
        <mxCell id="jegIJXARO694GNso07ej-18" value="" style="endArrow=classic;html=1;rounded=0;entryX=0.5;entryY=0;entryDx=0;entryDy=0;" parent="1" edge="1">
          <mxGeometry width="50" height="50" relative="1" as="geometry">
            <mxPoint x="-660" y="480" as="sourcePoint" />
            <mxPoint x="-660" y="550" as="targetPoint" />
          </mxGeometry>
        </mxCell>
        <mxCell id="jegIJXARO694GNso07ej-19" value="" style="endArrow=classic;html=1;rounded=0;entryX=0.5;entryY=0;entryDx=0;entryDy=0;" parent="1" edge="1">
          <mxGeometry width="50" height="50" relative="1" as="geometry">
            <mxPoint x="-480" y="480" as="sourcePoint" />
            <mxPoint x="-480" y="550" as="targetPoint" />
          </mxGeometry>
        </mxCell>
        <mxCell id="Er9UBE1BzvScEgsQBhSV-11" value="" style="edgeStyle=orthogonalEdgeStyle;rounded=0;orthogonalLoop=1;jettySize=auto;html=1;" edge="1" parent="1" source="jegIJXARO694GNso07ej-22" target="Er9UBE1BzvScEgsQBhSV-9">
          <mxGeometry relative="1" as="geometry" />
        </mxCell>
        <mxCell id="jegIJXARO694GNso07ej-22" value="Owner" style="rhombus;whiteSpace=wrap;html=1;" parent="1" vertex="1">
          <mxGeometry x="-700" y="510" width="80" height="80" as="geometry" />
        </mxCell>
        <mxCell id="Er9UBE1BzvScEgsQBhSV-12" value="" style="edgeStyle=orthogonalEdgeStyle;rounded=0;orthogonalLoop=1;jettySize=auto;html=1;" edge="1" parent="1" source="jegIJXARO694GNso07ej-23" target="Er9UBE1BzvScEgsQBhSV-10">
          <mxGeometry relative="1" as="geometry" />
        </mxCell>
        <mxCell id="jegIJXARO694GNso07ej-23" value="Admin" style="rhombus;whiteSpace=wrap;html=1;" parent="1" vertex="1">
          <mxGeometry x="-520" y="510" width="80" height="80" as="geometry" />
        </mxCell>
        <mxCell id="jegIJXARO694GNso07ej-24" value="kelola data produk" style="shape=parallelogram;perimeter=parallelogramPerimeter;whiteSpace=wrap;html=1;fixedSize=1;" parent="1" vertex="1">
          <mxGeometry x="-432.5" y="725" width="160" height="60" as="geometry" />
        </mxCell>
        <mxCell id="Er9UBE1BzvScEgsQBhSV-70" value="" style="edgeStyle=orthogonalEdgeStyle;rounded=0;orthogonalLoop=1;jettySize=auto;html=1;" edge="1" parent="1" source="jegIJXARO694GNso07ej-32" target="Er9UBE1BzvScEgsQBhSV-69">
          <mxGeometry relative="1" as="geometry" />
        </mxCell>
        <mxCell id="jegIJXARO694GNso07ej-32" value="Lihat Informasi &lt;br&gt;Produk" style="shape=parallelogram;perimeter=parallelogramPerimeter;whiteSpace=wrap;html=1;fixedSize=1;" parent="1" vertex="1">
          <mxGeometry x="-865" y="825" width="130" height="60" as="geometry" />
        </mxCell>
        <mxCell id="Er9UBE1BzvScEgsQBhSV-55" value="" style="edgeStyle=orthogonalEdgeStyle;rounded=0;orthogonalLoop=1;jettySize=auto;html=1;" edge="1" parent="1" source="jegIJXARO694GNso07ej-154" target="Er9UBE1BzvScEgsQBhSV-48">
          <mxGeometry relative="1" as="geometry" />
        </mxCell>
        <mxCell id="Er9UBE1BzvScEgsQBhSV-94" value="" style="edgeStyle=orthogonalEdgeStyle;rounded=0;orthogonalLoop=1;jettySize=auto;html=1;" edge="1" parent="1" source="jegIJXARO694GNso07ej-154" target="Er9UBE1BzvScEgsQBhSV-90">
          <mxGeometry relative="1" as="geometry" />
        </mxCell>
        <mxCell id="jegIJXARO694GNso07ej-154" value="EDIT" style="rhombus;whiteSpace=wrap;html=1;" parent="1" vertex="1">
          <mxGeometry x="-565" y="890" width="80" height="80" as="geometry" />
        </mxCell>
        <mxCell id="Er9UBE1BzvScEgsQBhSV-59" value="" style="edgeStyle=orthogonalEdgeStyle;rounded=0;orthogonalLoop=1;jettySize=auto;html=1;" edge="1" parent="1" source="jegIJXARO694GNso07ej-155" target="Er9UBE1BzvScEgsQBhSV-52">
          <mxGeometry relative="1" as="geometry" />
        </mxCell>
        <mxCell id="jegIJXARO694GNso07ej-155" value="TAMBAH" style="rhombus;whiteSpace=wrap;html=1;" parent="1" vertex="1">
          <mxGeometry x="-450" y="890" width="80" height="80" as="geometry" />
        </mxCell>
        <mxCell id="Er9UBE1BzvScEgsQBhSV-60" value="" style="edgeStyle=orthogonalEdgeStyle;rounded=0;orthogonalLoop=1;jettySize=auto;html=1;" edge="1" parent="1" source="jegIJXARO694GNso07ej-156" target="Er9UBE1BzvScEgsQBhSV-53">
          <mxGeometry relative="1" as="geometry" />
        </mxCell>
        <mxCell id="jegIJXARO694GNso07ej-156" value="HAPUS" style="rhombus;whiteSpace=wrap;html=1;" parent="1" vertex="1">
          <mxGeometry x="-335" y="890" width="80" height="80" as="geometry" />
        </mxCell>
        <mxCell id="jegIJXARO694GNso07ej-157" value="" style="endArrow=none;html=1;rounded=0;" parent="1" edge="1">
          <mxGeometry width="50" height="50" relative="1" as="geometry">
            <mxPoint x="-525" y="850" as="sourcePoint" />
            <mxPoint x="-180" y="850" as="targetPoint" />
          </mxGeometry>
        </mxCell>
        <mxCell id="jegIJXARO694GNso07ej-158" value="" style="endArrow=classic;html=1;rounded=0;entryX=0.5;entryY=0;entryDx=0;entryDy=0;" parent="1" target="jegIJXARO694GNso07ej-156" edge="1">
          <mxGeometry width="50" height="50" relative="1" as="geometry">
            <mxPoint x="-295" y="850" as="sourcePoint" />
            <mxPoint x="-225" y="810" as="targetPoint" />
          </mxGeometry>
        </mxCell>
        <mxCell id="jegIJXARO694GNso07ej-159" value="" style="endArrow=classic;html=1;rounded=0;entryX=0.5;entryY=0;entryDx=0;entryDy=0;" parent="1" target="jegIJXARO694GNso07ej-154" edge="1">
          <mxGeometry width="50" height="50" relative="1" as="geometry">
            <mxPoint x="-525" y="850" as="sourcePoint" />
            <mxPoint x="-525" y="840" as="targetPoint" />
          </mxGeometry>
        </mxCell>
        <mxCell id="jegIJXARO694GNso07ej-160" value="" style="endArrow=classic;html=1;rounded=0;entryX=0.5;entryY=0;entryDx=0;entryDy=0;" parent="1" target="jegIJXARO694GNso07ej-155" edge="1">
          <mxGeometry width="50" height="50" relative="1" as="geometry">
            <mxPoint x="-410" y="850" as="sourcePoint" />
            <mxPoint x="-225" y="810" as="targetPoint" />
          </mxGeometry>
        </mxCell>
        <mxCell id="jegIJXARO694GNso07ej-162" value="KEMBALI" style="rhombus;whiteSpace=wrap;html=1;" parent="1" vertex="1">
          <mxGeometry x="-222.5" y="890" width="80" height="80" as="geometry" />
        </mxCell>
        <mxCell id="Er9UBE1BzvScEgsQBhSV-40" value="" style="edgeStyle=orthogonalEdgeStyle;rounded=0;orthogonalLoop=1;jettySize=auto;html=1;" edge="1" parent="1" source="jegIJXARO694GNso07ej-165" target="Er9UBE1BzvScEgsQBhSV-37">
          <mxGeometry relative="1" as="geometry" />
        </mxCell>
        <mxCell id="jegIJXARO694GNso07ej-165" value="Tampilan&lt;br&gt;&amp;nbsp;Daftar Produk" style="shape=parallelogram;perimeter=parallelogramPerimeter;whiteSpace=wrap;html=1;fixedSize=1;" parent="1" vertex="1">
          <mxGeometry x="-350" y="1060" width="110" height="50" as="geometry" />
        </mxCell>
        <mxCell id="Er9UBE1BzvScEgsQBhSV-38" value="" style="edgeStyle=orthogonalEdgeStyle;rounded=0;orthogonalLoop=1;jettySize=auto;html=1;" edge="1" parent="1" source="jegIJXARO694GNso07ej-168" target="Er9UBE1BzvScEgsQBhSV-35">
          <mxGeometry relative="1" as="geometry" />
        </mxCell>
        <mxCell id="jegIJXARO694GNso07ej-168" value="Tampilan &lt;br&gt;Berhasil &lt;br&gt;Dihapus" style="shape=parallelogram;perimeter=parallelogramPerimeter;whiteSpace=wrap;html=1;fixedSize=1;" parent="1" vertex="1">
          <mxGeometry x="-572.5" y="1060" width="95" height="50" as="geometry" />
        </mxCell>
        <mxCell id="Er9UBE1BzvScEgsQBhSV-39" value="" style="edgeStyle=orthogonalEdgeStyle;rounded=0;orthogonalLoop=1;jettySize=auto;html=1;" edge="1" parent="1" source="jegIJXARO694GNso07ej-170" target="Er9UBE1BzvScEgsQBhSV-36">
          <mxGeometry relative="1" as="geometry" />
        </mxCell>
        <mxCell id="jegIJXARO694GNso07ej-170" value="Tampilan &lt;br&gt;Daftar Produk" style="shape=parallelogram;perimeter=parallelogramPerimeter;whiteSpace=wrap;html=1;fixedSize=1;" parent="1" vertex="1">
          <mxGeometry x="-465" y="1060" width="110" height="50" as="geometry" />
        </mxCell>
        <mxCell id="jegIJXARO694GNso07ej-196" value="Menghentikan Program" style="rhombus;whiteSpace=wrap;html=1;" parent="1" vertex="1">
          <mxGeometry x="-810" y="230" width="115" height="100" as="geometry" />
        </mxCell>
        <mxCell id="jegIJXARO694GNso07ej-199" value="Exit" style="ellipse;whiteSpace=wrap;html=1;" parent="1" vertex="1">
          <mxGeometry x="-805" y="130" width="105" height="60" as="geometry" />
        </mxCell>
        <mxCell id="jegIJXARO694GNso07ej-200" value="" style="endArrow=classic;html=1;rounded=0;exitX=0.5;exitY=0;exitDx=0;exitDy=0;entryX=0.5;entryY=1;entryDx=0;entryDy=0;" parent="1" source="jegIJXARO694GNso07ej-196" target="jegIJXARO694GNso07ej-199" edge="1">
          <mxGeometry width="50" height="50" relative="1" as="geometry">
            <mxPoint x="-485" y="240" as="sourcePoint" />
            <mxPoint x="-435" y="190" as="targetPoint" />
          </mxGeometry>
        </mxCell>
        <mxCell id="Er9UBE1BzvScEgsQBhSV-14" value="" style="edgeStyle=orthogonalEdgeStyle;rounded=0;orthogonalLoop=1;jettySize=auto;html=1;" edge="1" parent="1" source="Er9UBE1BzvScEgsQBhSV-9" target="Er9UBE1BzvScEgsQBhSV-13">
          <mxGeometry relative="1" as="geometry" />
        </mxCell>
        <mxCell id="Er9UBE1BzvScEgsQBhSV-9" value="Login Owner" style="rounded=1;whiteSpace=wrap;html=1;absoluteArcSize=1;arcSize=14;strokeWidth=2;" vertex="1" parent="1">
          <mxGeometry x="-855" y="525" width="110" height="50" as="geometry" />
        </mxCell>
        <mxCell id="Er9UBE1BzvScEgsQBhSV-16" value="" style="edgeStyle=orthogonalEdgeStyle;rounded=0;orthogonalLoop=1;jettySize=auto;html=1;" edge="1" parent="1" source="Er9UBE1BzvScEgsQBhSV-10" target="Er9UBE1BzvScEgsQBhSV-15">
          <mxGeometry relative="1" as="geometry" />
        </mxCell>
        <mxCell id="Er9UBE1BzvScEgsQBhSV-10" value="Login Admin" style="rounded=1;whiteSpace=wrap;html=1;absoluteArcSize=1;arcSize=14;strokeWidth=2;" vertex="1" parent="1">
          <mxGeometry x="-407.5" y="525" width="110" height="50" as="geometry" />
        </mxCell>
        <mxCell id="Er9UBE1BzvScEgsQBhSV-18" value="" style="edgeStyle=orthogonalEdgeStyle;rounded=0;orthogonalLoop=1;jettySize=auto;html=1;" edge="1" parent="1" source="Er9UBE1BzvScEgsQBhSV-13" target="Er9UBE1BzvScEgsQBhSV-17">
          <mxGeometry relative="1" as="geometry" />
        </mxCell>
        <mxCell id="Er9UBE1BzvScEgsQBhSV-62" value="" style="edgeStyle=orthogonalEdgeStyle;rounded=0;orthogonalLoop=1;jettySize=auto;html=1;" edge="1" parent="1" source="Er9UBE1BzvScEgsQBhSV-13" target="Er9UBE1BzvScEgsQBhSV-61">
          <mxGeometry relative="1" as="geometry" />
        </mxCell>
        <mxCell id="Er9UBE1BzvScEgsQBhSV-13" value="Apakah Login Berhasil?" style="rhombus;whiteSpace=wrap;html=1;" vertex="1" parent="1">
          <mxGeometry x="-860" y="615" width="120" height="80" as="geometry" />
        </mxCell>
        <mxCell id="Er9UBE1BzvScEgsQBhSV-21" style="edgeStyle=orthogonalEdgeStyle;rounded=0;orthogonalLoop=1;jettySize=auto;html=1;entryX=0.5;entryY=1;entryDx=0;entryDy=0;" edge="1" parent="1" source="Er9UBE1BzvScEgsQBhSV-15" target="Er9UBE1BzvScEgsQBhSV-20">
          <mxGeometry relative="1" as="geometry" />
        </mxCell>
        <mxCell id="Er9UBE1BzvScEgsQBhSV-29" value="" style="edgeStyle=orthogonalEdgeStyle;rounded=0;orthogonalLoop=1;jettySize=auto;html=1;" edge="1" parent="1" source="Er9UBE1BzvScEgsQBhSV-15" target="jegIJXARO694GNso07ej-24">
          <mxGeometry relative="1" as="geometry" />
        </mxCell>
        <mxCell id="Er9UBE1BzvScEgsQBhSV-15" value="Apakah Login Berhasil?" style="rhombus;whiteSpace=wrap;html=1;" vertex="1" parent="1">
          <mxGeometry x="-412.5" y="615" width="120" height="80" as="geometry" />
        </mxCell>
        <mxCell id="Er9UBE1BzvScEgsQBhSV-19" value="" style="edgeStyle=orthogonalEdgeStyle;rounded=0;orthogonalLoop=1;jettySize=auto;html=1;" edge="1" parent="1" source="Er9UBE1BzvScEgsQBhSV-17" target="Er9UBE1BzvScEgsQBhSV-9">
          <mxGeometry relative="1" as="geometry" />
        </mxCell>
        <mxCell id="Er9UBE1BzvScEgsQBhSV-17" value="Tampilan Login &lt;br&gt;Gagal" style="shape=parallelogram;perimeter=parallelogramPerimeter;whiteSpace=wrap;html=1;fixedSize=1;" vertex="1" parent="1">
          <mxGeometry x="-1030" y="520" width="120" height="60" as="geometry" />
        </mxCell>
        <mxCell id="Er9UBE1BzvScEgsQBhSV-22" value="" style="edgeStyle=orthogonalEdgeStyle;rounded=0;orthogonalLoop=1;jettySize=auto;html=1;" edge="1" parent="1" source="Er9UBE1BzvScEgsQBhSV-20" target="Er9UBE1BzvScEgsQBhSV-10">
          <mxGeometry relative="1" as="geometry" />
        </mxCell>
        <mxCell id="Er9UBE1BzvScEgsQBhSV-20" value="Tampilan Login &lt;br&gt;Gagal" style="shape=parallelogram;perimeter=parallelogramPerimeter;whiteSpace=wrap;html=1;fixedSize=1;" vertex="1" parent="1">
          <mxGeometry x="-242.5" y="520" width="120" height="60" as="geometry" />
        </mxCell>
        <mxCell id="Er9UBE1BzvScEgsQBhSV-23" value="Tidak" style="text;html=1;align=center;verticalAlign=middle;resizable=0;points=[];autosize=1;strokeColor=none;fillColor=none;" vertex="1" parent="1">
          <mxGeometry x="-905" y="625" width="50" height="30" as="geometry" />
        </mxCell>
        <mxCell id="Er9UBE1BzvScEgsQBhSV-24" value="Tidak" style="text;html=1;align=center;verticalAlign=middle;resizable=0;points=[];autosize=1;strokeColor=none;fillColor=none;" vertex="1" parent="1">
          <mxGeometry x="-312.5" y="625" width="50" height="30" as="geometry" />
        </mxCell>
        <mxCell id="Er9UBE1BzvScEgsQBhSV-30" value="Ya" style="text;html=1;align=center;verticalAlign=middle;resizable=0;points=[];autosize=1;strokeColor=none;fillColor=none;" vertex="1" parent="1">
          <mxGeometry x="-800" y="678" width="40" height="30" as="geometry" />
        </mxCell>
        <mxCell id="Er9UBE1BzvScEgsQBhSV-34" value="" style="endArrow=classic;html=1;rounded=0;entryX=0.5;entryY=0;entryDx=0;entryDy=0;" edge="1" parent="1">
          <mxGeometry width="50" height="50" relative="1" as="geometry">
            <mxPoint x="-182.62" y="850" as="sourcePoint" />
            <mxPoint x="-182.62" y="890" as="targetPoint" />
          </mxGeometry>
        </mxCell>
        <mxCell id="Er9UBE1BzvScEgsQBhSV-35" value="Database" style="strokeWidth=2;html=1;shape=mxgraph.flowchart.database;whiteSpace=wrap;" vertex="1" parent="1">
          <mxGeometry x="-555" y="1140" width="60" height="60" as="geometry" />
        </mxCell>
        <mxCell id="Er9UBE1BzvScEgsQBhSV-36" value="Database" style="strokeWidth=2;html=1;shape=mxgraph.flowchart.database;whiteSpace=wrap;" vertex="1" parent="1">
          <mxGeometry x="-440" y="1140" width="60" height="60" as="geometry" />
        </mxCell>
        <mxCell id="Er9UBE1BzvScEgsQBhSV-37" value="Database" style="strokeWidth=2;html=1;shape=mxgraph.flowchart.database;whiteSpace=wrap;" vertex="1" parent="1">
          <mxGeometry x="-325" y="1140" width="60" height="60" as="geometry" />
        </mxCell>
        <mxCell id="Er9UBE1BzvScEgsQBhSV-43" value="" style="endArrow=none;html=1;rounded=0;entryX=0.5;entryY=1;entryDx=0;entryDy=0;" edge="1" parent="1" target="jegIJXARO694GNso07ej-24">
          <mxGeometry width="50" height="50" relative="1" as="geometry">
            <mxPoint x="-352" y="850" as="sourcePoint" />
            <mxPoint x="-340" y="750" as="targetPoint" />
          </mxGeometry>
        </mxCell>
        <mxCell id="Er9UBE1BzvScEgsQBhSV-44" style="edgeStyle=orthogonalEdgeStyle;rounded=0;orthogonalLoop=1;jettySize=auto;html=1;entryX=0.947;entryY=0.442;entryDx=0;entryDy=0;entryPerimeter=0;exitX=1;exitY=0.5;exitDx=0;exitDy=0;" edge="1" parent="1" source="jegIJXARO694GNso07ej-162" target="jegIJXARO694GNso07ej-24">
          <mxGeometry relative="1" as="geometry">
            <Array as="points">
              <mxPoint x="-130" y="930" />
              <mxPoint x="-130" y="752" />
            </Array>
          </mxGeometry>
        </mxCell>
        <mxCell id="Er9UBE1BzvScEgsQBhSV-56" value="" style="edgeStyle=orthogonalEdgeStyle;rounded=0;orthogonalLoop=1;jettySize=auto;html=1;" edge="1" parent="1" source="Er9UBE1BzvScEgsQBhSV-48" target="jegIJXARO694GNso07ej-168">
          <mxGeometry relative="1" as="geometry" />
        </mxCell>
        <mxCell id="Er9UBE1BzvScEgsQBhSV-48" value="Proses Ke Database" style="shape=process;whiteSpace=wrap;html=1;backgroundOutline=1;" vertex="1" parent="1">
          <mxGeometry x="-575" y="990" width="100" height="40" as="geometry" />
        </mxCell>
        <mxCell id="Er9UBE1BzvScEgsQBhSV-57" value="" style="edgeStyle=orthogonalEdgeStyle;rounded=0;orthogonalLoop=1;jettySize=auto;html=1;" edge="1" parent="1" source="Er9UBE1BzvScEgsQBhSV-52" target="jegIJXARO694GNso07ej-170">
          <mxGeometry relative="1" as="geometry" />
        </mxCell>
        <mxCell id="Er9UBE1BzvScEgsQBhSV-52" value="Proses Ke Database" style="shape=process;whiteSpace=wrap;html=1;backgroundOutline=1;" vertex="1" parent="1">
          <mxGeometry x="-460" y="990" width="100" height="40" as="geometry" />
        </mxCell>
        <mxCell id="Er9UBE1BzvScEgsQBhSV-58" value="" style="edgeStyle=orthogonalEdgeStyle;rounded=0;orthogonalLoop=1;jettySize=auto;html=1;" edge="1" parent="1" source="Er9UBE1BzvScEgsQBhSV-53" target="jegIJXARO694GNso07ej-165">
          <mxGeometry relative="1" as="geometry" />
        </mxCell>
        <mxCell id="Er9UBE1BzvScEgsQBhSV-53" value="Proses Ke Database" style="shape=process;whiteSpace=wrap;html=1;backgroundOutline=1;" vertex="1" parent="1">
          <mxGeometry x="-345" y="990" width="100" height="40" as="geometry" />
        </mxCell>
        <mxCell id="Er9UBE1BzvScEgsQBhSV-63" value="" style="edgeStyle=orthogonalEdgeStyle;rounded=0;orthogonalLoop=1;jettySize=auto;html=1;" edge="1" parent="1" source="Er9UBE1BzvScEgsQBhSV-61" target="jegIJXARO694GNso07ej-32">
          <mxGeometry relative="1" as="geometry" />
        </mxCell>
        <mxCell id="Er9UBE1BzvScEgsQBhSV-61" value="Tampilan&lt;br&gt;Menu Owner" style="shape=parallelogram;perimeter=parallelogramPerimeter;whiteSpace=wrap;html=1;fixedSize=1;" vertex="1" parent="1">
          <mxGeometry x="-865" y="730" width="130" height="60" as="geometry" />
        </mxCell>
        <mxCell id="Er9UBE1BzvScEgsQBhSV-68" value="" style="edgeStyle=orthogonalEdgeStyle;rounded=0;orthogonalLoop=1;jettySize=auto;html=1;" edge="1" parent="1" source="Er9UBE1BzvScEgsQBhSV-66" target="jegIJXARO694GNso07ej-196">
          <mxGeometry relative="1" as="geometry" />
        </mxCell>
        <mxCell id="Er9UBE1BzvScEgsQBhSV-66" value="1" style="ellipse;whiteSpace=wrap;html=1;aspect=fixed;" vertex="1" parent="1">
          <mxGeometry x="-905" y="250" width="60" height="60" as="geometry" />
        </mxCell>
        <mxCell id="Er9UBE1BzvScEgsQBhSV-71" style="edgeStyle=orthogonalEdgeStyle;rounded=0;orthogonalLoop=1;jettySize=auto;html=1;entryX=0.5;entryY=1;entryDx=0;entryDy=0;exitX=0.5;exitY=1;exitDx=0;exitDy=0;" edge="1" parent="1" source="Er9UBE1BzvScEgsQBhSV-69" target="jegIJXARO694GNso07ej-32">
          <mxGeometry relative="1" as="geometry">
            <mxPoint x="-967.5" y="960" as="targetPoint" />
            <Array as="points">
              <mxPoint x="-967" y="960" />
              <mxPoint x="-800" y="960" />
            </Array>
          </mxGeometry>
        </mxCell>
        <mxCell id="Er9UBE1BzvScEgsQBhSV-74" value="" style="edgeStyle=orthogonalEdgeStyle;rounded=0;orthogonalLoop=1;jettySize=auto;html=1;" edge="1" parent="1" source="Er9UBE1BzvScEgsQBhSV-69" target="Er9UBE1BzvScEgsQBhSV-73">
          <mxGeometry relative="1" as="geometry" />
        </mxCell>
        <mxCell id="Er9UBE1BzvScEgsQBhSV-69" value="Apakah Ingin &lt;br&gt;Keluar Dari &lt;br&gt;Program?" style="rhombus;whiteSpace=wrap;html=1;" vertex="1" parent="1">
          <mxGeometry x="-1030" y="802.5" width="125" height="105" as="geometry" />
        </mxCell>
        <mxCell id="Er9UBE1BzvScEgsQBhSV-72" value="Tidak" style="text;html=1;align=center;verticalAlign=middle;resizable=0;points=[];autosize=1;strokeColor=none;fillColor=none;" vertex="1" parent="1">
          <mxGeometry x="-1010" y="900" width="50" height="30" as="geometry" />
        </mxCell>
        <mxCell id="Er9UBE1BzvScEgsQBhSV-73" value="1" style="ellipse;whiteSpace=wrap;html=1;" vertex="1" parent="1">
          <mxGeometry x="-991.25" y="725" width="47.5" height="40" as="geometry" />
        </mxCell>
        <mxCell id="Er9UBE1BzvScEgsQBhSV-75" value="Ya" style="text;html=1;align=center;verticalAlign=middle;resizable=0;points=[];autosize=1;strokeColor=none;fillColor=none;" vertex="1" parent="1">
          <mxGeometry x="-1000" y="778" width="40" height="30" as="geometry" />
        </mxCell>
        <mxCell id="Er9UBE1BzvScEgsQBhSV-86" value="" style="endArrow=none;html=1;rounded=0;entryX=0;entryY=0.5;entryDx=0;entryDy=0;" edge="1" parent="1" source="jegIJXARO694GNso07ej-155" target="jegIJXARO694GNso07ej-156">
          <mxGeometry width="50" height="50" relative="1" as="geometry">
            <mxPoint x="-430" y="930" as="sourcePoint" />
            <mxPoint x="-380" y="880" as="targetPoint" />
          </mxGeometry>
        </mxCell>
        <mxCell id="Er9UBE1BzvScEgsQBhSV-87" value="" style="endArrow=none;html=1;rounded=0;entryX=0;entryY=0.5;entryDx=0;entryDy=0;" edge="1" parent="1">
          <mxGeometry width="50" height="50" relative="1" as="geometry">
            <mxPoint x="-485" y="930" as="sourcePoint" />
            <mxPoint x="-450" y="930" as="targetPoint" />
          </mxGeometry>
        </mxCell>
        <mxCell id="Er9UBE1BzvScEgsQBhSV-88" value="" style="endArrow=none;html=1;rounded=0;entryX=0;entryY=0.5;entryDx=0;entryDy=0;" edge="1" parent="1">
          <mxGeometry width="50" height="50" relative="1" as="geometry">
            <mxPoint x="-255" y="930" as="sourcePoint" />
            <mxPoint x="-220" y="930" as="targetPoint" />
          </mxGeometry>
        </mxCell>
        <mxCell id="Er9UBE1BzvScEgsQBhSV-89" value="" style="edgeStyle=orthogonalEdgeStyle;rounded=0;orthogonalLoop=1;jettySize=auto;html=1;" edge="1" parent="1" source="Er9UBE1BzvScEgsQBhSV-90" target="Er9UBE1BzvScEgsQBhSV-92">
          <mxGeometry relative="1" as="geometry" />
        </mxCell>
        <mxCell id="Er9UBE1BzvScEgsQBhSV-95" style="edgeStyle=orthogonalEdgeStyle;rounded=0;orthogonalLoop=1;jettySize=auto;html=1;exitX=0.5;exitY=0;exitDx=0;exitDy=0;" edge="1" parent="1" source="Er9UBE1BzvScEgsQBhSV-90">
          <mxGeometry relative="1" as="geometry">
            <mxPoint x="-420" y="750" as="targetPoint" />
            <mxPoint x="-660.004285714286" y="877.5020000000002" as="sourcePoint" />
            <Array as="points">
              <mxPoint x="-660" y="750" />
            </Array>
          </mxGeometry>
        </mxCell>
        <mxCell id="Er9UBE1BzvScEgsQBhSV-90" value="Apakah Ingin &lt;br&gt;Keluar Dari &lt;br&gt;Program?" style="rhombus;whiteSpace=wrap;html=1;" vertex="1" parent="1">
          <mxGeometry x="-722.5" y="877.5" width="125" height="105" as="geometry" />
        </mxCell>
        <mxCell id="Er9UBE1BzvScEgsQBhSV-91" value="Tidak" style="text;html=1;align=center;verticalAlign=middle;resizable=0;points=[];autosize=1;strokeColor=none;fillColor=none;" vertex="1" parent="1">
          <mxGeometry x="-665" y="847.5" width="50" height="30" as="geometry" />
        </mxCell>
        <mxCell id="Er9UBE1BzvScEgsQBhSV-92" value="1" style="ellipse;whiteSpace=wrap;html=1;" vertex="1" parent="1">
          <mxGeometry x="-683.75" y="1020" width="47.5" height="40" as="geometry" />
        </mxCell>
        <mxCell id="Er9UBE1BzvScEgsQBhSV-93" value="Ya" style="text;html=1;align=center;verticalAlign=middle;resizable=0;points=[];autosize=1;strokeColor=none;fillColor=none;" vertex="1" parent="1">
          <mxGeometry x="-660" y="970" width="40" height="30" as="geometry" />
        </mxCell>
        <mxCell id="Er9UBE1BzvScEgsQBhSV-96" value="Ya" style="text;html=1;align=center;verticalAlign=middle;resizable=0;points=[];autosize=1;strokeColor=none;fillColor=none;" vertex="1" parent="1">
          <mxGeometry x="-390" y="678" width="40" height="30" as="geometry" />
        </mxCell>
      </root>
    </mxGraphModel>
  </diagram>
</mxfile>
